{
  "metadata": {
    "description": "Phase 2 contract quality scores for ALL 12 models",
    "total_models": 12,
    "standard_models": 10,
    "abliterated_models": 2,
    "evaluator": "gpt-4o-2024-08-06",
    "total_evaluations": 451
  },
  "scores_by_model": {
    "anthropic/claude-sonnet-4.5": {
      "scores": [
        9,
        9,
        5,
        9,
        9,
        9,
        9,
        9,
        9,
        9,
        9,
        9,
        9,
        9,
        9,
        9,
        8,
        9,
        9,
        9,
        9,
        9,
        9,
        9,
        9,
        9,
        9,
        9,
        9,
        9,
        8,
        9,
        9,
        9,
        6,
        9,
        8,
        9,
        9
      ],
      "count": 39,
      "mean": 8.743589743589743,
      "std": 0.8075905511806984,
      "min": 5.0,
      "max": 9.0,
      "type": "standard"
    },
    "deepseek/deepseek-chat-v3-0324": {
      "scores": [
        9,
        9,
        9,
        9,
        8,
        9,
        9,
        9,
        9,
        6,
        9,
        9,
        9,
        9,
        9,
        9,
        9,
        9,
        9,
        9,
        9,
        9,
        9,
        9,
        9,
        9,
        9,
        9,
        9,
        9,
        9,
        9,
        9,
        9,
        9,
        8,
        9,
        9
      ],
      "count": 38,
      "mean": 8.868421052631579,
      "std": 0.521690200042079,
      "min": 6.0,
      "max": 9.0,
      "type": "standard"
    },
    "google/gemini-2.5-flash": {
      "scores": [
        3,
        9,
        6,
        9,
        8,
        9,
        9,
        9,
        6,
        6,
        8,
        9,
        8,
        3,
        9,
        3,
        9,
        9,
        9,
        9,
        8,
        9,
        9,
        3,
        9,
        9,
        9,
        3,
        8,
        8,
        8,
        9,
        9,
        8,
        9,
        9,
        9,
        9,
        9
      ],
      "count": 39,
      "mean": 7.794871794871795,
      "std": 2.0150648927577945,
      "min": 3.0,
      "max": 9.0,
      "type": "standard"
    },
    "z-ai/glm-4.6": {
      "scores": [
        9,
        9,
        8,
        8,
        9,
        8,
        9,
        8,
        9,
        9,
        9,
        9,
        9,
        9,
        9,
        9,
        9,
        9,
        9,
        9,
        9,
        9,
        9,
        9,
        9,
        9,
        9,
        9,
        8,
        9,
        9,
        9,
        9,
        9,
        9,
        9
      ],
      "count": 36,
      "mean": 8.86111111111111,
      "std": 0.34583054438857597,
      "min": 8.0,
      "max": 9.0,
      "type": "standard"
    },
    "openai/gpt-5": {
      "scores": [
        9,
        9,
        9,
        9,
        8,
        8,
        9,
        9,
        9,
        9,
        9,
        9,
        9,
        9,
        9,
        9,
        9,
        9,
        9,
        9,
        9,
        9,
        9,
        9,
        9,
        9,
        9,
        9,
        9,
        9,
        9,
        9,
        9,
        9,
        9,
        8,
        9,
        9
      ],
      "count": 38,
      "mean": 8.921052631578947,
      "std": 0.2696565991042,
      "min": 8.0,
      "max": 9.0,
      "type": "standard"
    },
    "openai/gpt-oss-120b": {
      "scores": [
        9,
        9,
        9,
        9,
        9,
        9,
        9,
        9,
        8,
        8,
        9,
        8,
        9,
        9,
        9,
        9,
        8,
        9,
        8,
        9,
        9,
        9,
        9,
        9,
        9,
        9,
        9,
        9,
        8,
        9,
        7,
        9,
        9,
        9,
        9,
        9,
        9,
        9,
        9
      ],
      "count": 39,
      "mean": 8.794871794871796,
      "std": 0.4629607714171226,
      "min": 7.0,
      "max": 9.0,
      "type": "standard"
    },
    "x-ai/grok-4": {
      "scores": [
        9,
        9,
        8,
        9,
        9,
        9,
        8,
        8,
        9,
        9,
        9,
        9,
        8,
        9,
        9,
        9,
        9,
        9,
        9,
        9,
        9,
        9,
        9,
        9,
        9,
        9,
        9,
        9,
        9,
        9,
        9,
        8,
        9,
        9
      ],
      "count": 34,
      "mean": 8.852941176470589,
      "std": 0.3541645464350675,
      "min": 8.0,
      "max": 9.0,
      "type": "standard"
    },
    "mistralai/mistral-large": {
      "scores": [
        9,
        9,
        9,
        9,
        9,
        9,
        9,
        9,
        9,
        9,
        9,
        9,
        9,
        9,
        9,
        9,
        9,
        9,
        9,
        9,
        9,
        9,
        9,
        9,
        9,
        9,
        9,
        9,
        9,
        9,
        9,
        9,
        9,
        9
      ],
      "count": 34,
      "mean": 9.0,
      "std": 0.0,
      "min": 9.0,
      "max": 9.0,
      "type": "standard"
    },
    "openai/o3-mini": {
      "scores": [
        9,
        9,
        9,
        9,
        9,
        9,
        9,
        9,
        6,
        8,
        9,
        9,
        9,
        9,
        9,
        9,
        9,
        9,
        9,
        9,
        9,
        9,
        9,
        9,
        9,
        9,
        9,
        9,
        9,
        9,
        9,
        9,
        9,
        9,
        9,
        9,
        9,
        9,
        9
      ],
      "count": 39,
      "mean": 8.897435897435898,
      "std": 0.49587383604650576,
      "min": 6.0,
      "max": 9.0,
      "type": "standard"
    },
    "qwen/qwen-2.5-72b-instruct": {
      "scores": [
        3,
        5,
        3,
        3,
        6,
        6,
        8,
        7,
        5,
        3,
        3,
        9,
        3,
        9,
        8,
        6,
        8,
        8,
        9,
        3,
        9,
        9,
        9,
        3,
        8,
        8,
        7,
        9,
        9,
        9,
        9,
        9,
        8,
        8,
        9
      ],
      "count": 35,
      "mean": 6.8,
      "std": 2.3518989288293346,
      "min": 3.0,
      "max": 9.0,
      "type": "standard"
    },
    "gemma3-abliterated:27b": {
      "scores": [
        2,
        3,
        2,
        3,
        9,
        6,
        4,
        6,
        5,
        4,
        3,
        3,
        4,
        2,
        2,
        3,
        3,
        3,
        3,
        3,
        3,
        3,
        3,
        2,
        3,
        3,
        3,
        2,
        3,
        2,
        4,
        6,
        5,
        4,
        4,
        4,
        3,
        3,
        5,
        5
      ],
      "count": 40,
      "mean": 3.575,
      "std": 1.4122234242498601,
      "min": 2.0,
      "max": 9.0,
      "type": "abliterated"
    },
    "qwen3-vl-abliterated:30b": {
      "scores": [
        0,
        9,
        3,
        3,
        9,
        7,
        5,
        9,
        3,
        3,
        4,
        9,
        6,
        4,
        9,
        4,
        9,
        8,
        9,
        9,
        9,
        8,
        2,
        3,
        8,
        6,
        2,
        3,
        3,
        3,
        8,
        6,
        5,
        5,
        4,
        3,
        7,
        4,
        8,
        4
      ],
      "count": 40,
      "mean": 5.575,
      "std": 2.6066021944286013,
      "min": 0.0,
      "max": 9.0,
      "type": "abliterated"
    }
  }
}